phosphorus	11103000	1980-01-17	4.0	0.5	0.1	USEPA_HA_NonCancer
phosphorus	11103000	1980-02-28	1.0	0.2	0.1	USEPA_HA_NonCancer
phosphorus	11103000	1980-03-31	2.3	0.33	0.1	USEPA_HA_NonCancer
phosphorus	11103000	1980-04-30	7.5	0.85	0.1	USEPA_HA_NonCancer
phosphorus	11103000	1980-05-20	15.999999999999998	1.7	0.1	USEPA_HA_NonCancer
phosphorus	11103000	1980-06-23	6.7	0.77	0.1	USEPA_HA_NonCancer
phosphorus	11103000	1980-07-22	6.8	0.78	0.1	USEPA_HA_NonCancer
phosphorus	11103000	1980-08-18	17.0	1.8	0.1	USEPA_HA_NonCancer
phosphorus	11103000	1980-09-19	22.999999999999996	2.4	0.1	USEPA_HA_NonCancer
phosphorus	11103000	1980-10-30	17.0	1.8	0.1	USEPA_HA_NonCancer
phosphorus	11103000	1980-11-24	17.999999999999996	1.9	0.1	USEPA_HA_NonCancer
phosphorus	11103000	1980-12-16	30.0	3.1	0.1	USEPA_HA_NonCancer
phosphorus	11103000	1981-02-24	13.999999999999998	1.5	0.1	USEPA_HA_NonCancer
phosphorus	11103000	1981-03-24	6.6	0.76	0.1	USEPA_HA_NonCancer
phosphorus	11103000	1981-04-22	3.3999999999999995	0.44	0.1	USEPA_HA_NonCancer
phosphorus	11103000	1981-05-13	4.3	0.53	0.1	USEPA_HA_NonCancer
phosphorus	11103000	1981-06-17	6.5	0.75	0.1	USEPA_HA_NonCancer
phosphorus	11103000	1981-07-21	12.999999999999998	1.4	0.1	USEPA_HA_NonCancer
phosphorus	11103000	1981-09-22	15.999999999999998	1.7	0.1	USEPA_HA_NonCancer
phosphorus	11103000	1981-11-24	12.999999999999998	1.4	0.1	USEPA_HA_NonCancer
phosphorus	11103000	1982-01-19	11.999999999999998	1.3	0.1	USEPA_HA_NonCancer
phosphorus	11103000	1982-03-03	6.7	0.77	0.1	USEPA_HA_NonCancer
phosphorus	11103000	1982-05-25	1.5999999999999999	0.26	0.1	USEPA_HA_NonCancer
phosphorus	11103000	1982-09-14	15.0	1.6	0.1	USEPA_HA_NonCancer
phosphorus	11103000	1982-12-14	6.9	0.79	0.1	USEPA_HA_NonCancer
phosphorus	11103000	1983-03-08	0.7999999999999998	0.18	0.1	USEPA_HA_NonCancer
phosphorus	11103000	1983-09-14	1.8	0.28	0.1	USEPA_HA_NonCancer
phosphorus	11103000	1983-12-14	5.4	0.64	0.1	USEPA_HA_NonCancer
phosphorus	11103000	1984-03-29	0.4999999999999999	0.15	0.1	USEPA_HA_NonCancer
phosphorus	11103000	1984-06-20	2.7	0.37	0.1	USEPA_HA_NonCancer
phosphorus	11103000	1984-09-13	7.3999999999999995	0.84	0.1	USEPA_HA_NonCancer
phosphorus	11103000	1984-12-11	2.3	0.33	0.1	USEPA_HA_NonCancer
phosphorus	11103000	1985-03-22	0.4000000000000001	0.14	0.1	USEPA_HA_NonCancer
phosphorus	11103000	1985-06-26	9.0	1.0	0.1	USEPA_HA_NonCancer
phosphorus	11103000	1985-09-25	18.999999999999996	2.0	0.1	USEPA_HA_NonCancer
phosphorus	11103000	1985-12-11	5.0	0.6	0.1	USEPA_HA_NonCancer
phosphorus	11103000	1986-03-20	7.3999999999999995	0.84	0.1	USEPA_HA_NonCancer
phosphorus	11103000	1986-06-19	1.4999999999999998	0.25	0.1	USEPA_HA_NonCancer
phosphorus	11103000	1986-09-18	0.7000000000000001	0.17	0.1	USEPA_HA_NonCancer
phosphorus	11103000	1986-12-31	1.5999999999999999	0.26	0.1	USEPA_HA_NonCancer
phosphorus	11103000	1987-03-25	0.7000000000000001	0.17	0.1	USEPA_HA_NonCancer
phosphorus	11103000	1987-06-30	1.5999999999999999	0.26	0.1	USEPA_HA_NonCancer
phosphorus	11103000	1987-09-29	1.0999999999999999	0.21	0.1	USEPA_HA_NonCancer
phosphorus	11103000	1987-12-09	21.999999999999996	2.3	0.1	USEPA_HA_NonCancer
phosphorus	11103000	1988-03-15	0.1999999999999999	0.12	0.1	USEPA_HA_NonCancer
phosphorus	11103000	1988-06-21	3.2999999999999994	0.43	0.1	USEPA_HA_NonCancer
phosphorus	11103000	1988-12-29	20.0	2.1	0.1	USEPA_HA_NonCancer
phosphorus	11103000	1989-03-30	0.3	0.13	0.1	USEPA_HA_NonCancer
phosphorus	11103000	1989-09-27	10.999999999999998	1.2	0.1	USEPA_HA_NonCancer
phosphorus	11103000	1989-12-28	5.7	0.67	0.1	USEPA_HA_NonCancer
11103000	arsenic	1980-01-17	2856.1428571428573	4.0	0.0014	USEPA_MCL_Goal
11103000	arsenic	1980-04-30	2856.1428571428573	4.0	0.0014	USEPA_MCL_Goal
11103000	arsenic	1980-07-22	2856.1428571428573	4.0	0.0014	USEPA_MCL_Goal
11103000	arsenic	1980-10-30	4284.714285714285	6.0	0.0014	USEPA_MCL_Goal
11103000	arsenic	1981-01-20	2856.1428571428573	4.0	0.0014	USEPA_MCL_Goal
11103000	arsenic	1981-04-22	2141.857142857143	3.0	0.0014	USEPA_MCL_Goal
11103000	arsenic	1981-07-21	4284.714285714285	6.0	0.0014	USEPA_MCL_Goal
11103000	arsenic	1981-11-24	3570.428571428571	5.0	0.0014	USEPA_MCL_Goal
11103000	arsenic	1982-01-19	2856.1428571428573	4.0	0.0014	USEPA_MCL_Goal
11103000	arsenic	1982-03-03	3570.428571428571	5.0	0.0014	USEPA_MCL_Goal
11103000	arsenic	1982-07-14	4284.714285714285	6.0	0.0014	USEPA_MCL_Goal
11103000	arsenic	1982-12-14	2141.857142857143	3.0	0.0014	USEPA_MCL_Goal
11103000	arsenic	1983-03-08	1427.5714285714284	2.0	0.0014	USEPA_MCL_Goal
11103000	arsenic	1983-06-14	2856.1428571428573	4.0	0.0014	USEPA_MCL_Goal
11103000	arsenic	1983-09-14	2141.857142857143	3.0	0.0014	USEPA_MCL_Goal
11103000	arsenic	1983-12-14	2141.857142857143	3.0	0.0014	USEPA_MCL_Goal
11103000	arsenic	1984-03-29	1427.5714285714284	2.0	0.0014	USEPA_MCL_Goal
11103000	arsenic	1984-06-20	1427.5714285714284	2.0	0.0014	USEPA_MCL_Goal
11103000	arsenic	1984-09-13	2856.1428571428573	4.0	0.0014	USEPA_MCL_Goal
11103000	arsenic	1984-12-11	1427.5714285714284	2.0	0.0014	USEPA_MCL_Goal
11103000	arsenic	1985-03-22	1427.5714285714284	2.0	0.0014	USEPA_MCL_Goal
11103000	arsenic	1985-06-26	2141.857142857143	3.0	0.0014	USEPA_MCL_Goal
11103000	arsenic	1985-09-25	4999.0	7.0	0.0014	USEPA_MCL_Goal
11103000	arsenic	1985-12-11	3570.428571428571	5.0	0.0014	USEPA_MCL_Goal
11103000	arsenic	1986-03-20	3570.428571428571	5.0	0.0014	USEPA_MCL_Goal
11103000	arsenic	1986-06-19	2856.1428571428573	4.0	0.0014	USEPA_MCL_Goal
11103000	arsenic	1986-12-31	3570.428571428571	5.0	0.0014	USEPA_MCL_Goal
11103000	arsenic	1987-03-25	3570.428571428571	5.0	0.0014	USEPA_MCL_Goal
11103000	arsenic	1987-06-30	4999.0	7.0	0.0014	USEPA_MCL_Goal
11103000	arsenic	1987-09-29	5713.285714285714	8.0	0.0014	USEPA_MCL_Goal
11103000	arsenic	1987-12-09	4999.0	7.0	0.0014	USEPA_MCL_Goal
11103000	arsenic	1988-03-15	4999.0	7.0	0.0014	USEPA_MCL_Goal
11103000	arsenic	1988-06-21	4999.0	7.0	0.0014	USEPA_MCL_Goal
11103000	arsenic	1988-09-28	2856.1428571428573	4.0	0.0014	USEPA_MCL_Goal
11103000	arsenic	1988-12-29	7141.857142857143	10.0	0.0014	USEPA_MCL_Goal
11103000	arsenic	1989-03-30	2856.1428571428573	4.0	0.0014	USEPA_MCL_Goal
11103000	arsenic	1989-06-22	2856.1428571428573	4.0	0.0014	USEPA_MCL_Goal
11103000	arsenic	1989-09-27	7141.857142857143	10.0	0.0014	USEPA_MCL_Goal
11103000	arsenic	1989-12-28	2141.857142857143	3.0	0.0014	USEPA_MCL_Goal
11103000	arsenic	1980-01-17	1427.5714285714284	2.0	0.0014	USEPA_MCL_Goal
11103000	arsenic	1980-04-30	713.2857142857143	1.0	0.0014	USEPA_MCL_Goal
11103000	arsenic	1980-10-30	713.2857142857143	1.0	0.0014	USEPA_MCL_Goal
11103000	arsenic	1981-01-20	2141.857142857143	3.0	0.0014	USEPA_MCL_Goal
11103000	arsenic	1981-04-22	713.2857142857143	1.0	0.0014	USEPA_MCL_Goal
11103000	cadmium	1981-11-24	4346.826086956522	10.0	0.0023	CalEPA_Cancer_Potency
11103000	cadmium	1982-07-14	433.7826086956522	1.0	0.0023	CalEPA_Cancer_Potency
11103000	cadmium	1982-12-14	433.7826086956522	1.0	0.0023	CalEPA_Cancer_Potency
11103000	cadmium	1983-03-08	433.7826086956522	1.0	0.0023	CalEPA_Cancer_Potency
11103000	cadmium	1983-06-14	433.7826086956522	1.0	0.0023	CalEPA_Cancer_Potency
11103000	cadmium	1983-09-14	433.7826086956522	1.0	0.0023	CalEPA_Cancer_Potency
11103000	cadmium	1984-03-29	433.7826086956522	1.0	0.0023	CalEPA_Cancer_Potency
11103000	cadmium	1984-06-20	433.7826086956522	1.0	0.0023	CalEPA_Cancer_Potency
11103000	cadmium	1984-09-13	433.7826086956522	1.0	0.0023	CalEPA_Cancer_Potency
11103000	cadmium	1984-12-11	433.7826086956522	1.0	0.0023	CalEPA_Cancer_Potency
11103000	cadmium	1985-03-22	1738.1304347826087	4.0	0.0023	CalEPA_Cancer_Potency
11103000	cadmium	1985-06-26	433.7826086956522	1.0	0.0023	CalEPA_Cancer_Potency
11103000	cadmium	1985-09-25	433.7826086956522	1.0	0.0023	CalEPA_Cancer_Potency
11103000	cadmium	1985-12-11	433.7826086956522	1.0	0.0023	CalEPA_Cancer_Potency
11103000	cadmium	1986-03-20	433.7826086956522	1.0	0.0023	CalEPA_Cancer_Potency
11103000	cadmium	1986-06-19	433.7826086956522	1.0	0.0023	CalEPA_Cancer_Potency
11103000	cadmium	1986-12-31	433.7826086956522	1.0	0.0023	CalEPA_Cancer_Potency
11103000	cadmium	1987-03-25	433.7826086956522	1.0	0.0023	CalEPA_Cancer_Potency
11103000	cadmium	1987-06-30	868.5652173913044	2.0	0.0023	CalEPA_Cancer_Potency
11103000	cadmium	1987-09-29	433.7826086956522	1.0	0.0023	CalEPA_Cancer_Potency
11103000	cadmium	1987-12-09	1303.3478260869565	3.0	0.0023	CalEPA_Cancer_Potency
11103000	cadmium	1988-03-15	433.7826086956522	1.0	0.0023	CalEPA_Cancer_Potency
11103000	cadmium	1988-06-21	433.7826086956522	1.0	0.0023	CalEPA_Cancer_Potency
11103000	cadmium	1988-09-28	868.5652173913044	2.0	0.0023	CalEPA_Cancer_Potency
11103000	cadmium	1988-12-29	433.7826086956522	1.0	0.0023	CalEPA_Cancer_Potency
11103000	cadmium	1989-03-30	433.7826086956522	1.0	0.0023	CalEPA_Cancer_Potency
11103000	cadmium	1989-06-22	433.7826086956522	1.0	0.0023	CalEPA_Cancer_Potency
11103000	cadmium	1989-09-27	1303.3478260869565	3.0	0.0023	CalEPA_Cancer_Potency
11103000	cadmium	1989-12-28	433.7826086956522	1.0	0.0023	CalEPA_Cancer_Potency
11103000	cadmium	1980-01-17	868.5652173913044	2.0	0.0023	CalEPA_Cancer_Potency
11103000	cadmium	1980-04-30	433.7826086956522	1.0	0.0023	CalEPA_Cancer_Potency
11103000	cadmium	1980-07-22	868.5652173913044	2.0	0.0023	CalEPA_Cancer_Potency
11103000	cadmium	1981-01-20	433.7826086956522	1.0	0.0023	CalEPA_Cancer_Potency
11103000	chromium	1980-01-17	499.0	10.0	0.02	CA_PHG
11103000	chromium	1980-07-22	499.0	10.0	0.02	CA_PHG
11103000	chromium	1981-04-22	999.0	20.0	0.02	CA_PHG
11103000	chromium	1981-07-21	499.0	10.0	0.02	CA_PHG
11103000	chromium	1981-11-24	999.0	20.0	0.02	CA_PHG
11103000	chromium	1982-01-19	499.0	10.0	0.02	CA_PHG
11103000	chromium	1982-03-03	499.0	10.0	0.02	CA_PHG
11103000	chromium	1982-07-14	499.0	10.0	0.02	CA_PHG
11103000	chromium	1983-03-08	49.0	1.0	0.02	CA_PHG
11103000	chromium	1983-06-14	49.0	1.0	0.02	CA_PHG
11103000	chromium	1983-12-14	999.0	20.0	0.02	CA_PHG
11103000	chromium	1985-03-22	149.0	3.0	0.02	CA_PHG
11103000	chromium	1985-06-26	99.0	2.0	0.02	CA_PHG
11103000	chromium	1985-09-25	49.0	1.0	0.02	CA_PHG
11103000	chromium	1985-12-11	49.0	1.0	0.02	CA_PHG
11103000	chromium	1986-03-20	249.00000000000003	5.0	0.02	CA_PHG
11103000	chromium	1986-06-19	149.0	3.0	0.02	CA_PHG
11103000	chromium	1986-12-31	49.0	1.0	0.02	CA_PHG
11103000	chromium	1987-03-25	49.0	1.0	0.02	CA_PHG
11103000	chromium	1987-06-30	49.0	1.0	0.02	CA_PHG
11103000	chromium	1987-09-29	49.0	1.0	0.02	CA_PHG
11103000	chromium	1987-12-09	199.0	4.0	0.02	CA_PHG
11103000	chromium	1988-03-15	149.0	3.0	0.02	CA_PHG
11103000	chromium	1988-06-21	49.0	1.0	0.02	CA_PHG
11103000	chromium	1988-09-28	49.0	1.0	0.02	CA_PHG
11103000	chromium	1988-12-29	149.0	3.0	0.02	CA_PHG
11103000	chromium	1989-03-30	149.0	3.0	0.02	CA_PHG
11103000	chromium	1989-06-22	449.0	9.0	0.02	CA_PHG
11103000	chromium	1989-09-27	99.0	2.0	0.02	CA_PHG
11103000	chromium	1989-12-28	149.0	3.0	0.02	CA_PHG
11103000	chromium	1980-01-17	999.0	20.0	0.02	CA_PHG
11103000	chromium	1980-04-30	499.0	10.0	0.02	CA_PHG
11103000	chromium	1980-10-30	499.0	10.0	0.02	CA_PHG
11103000	chromium	1981-07-21	499.0	10.0	0.02	CA_PHG
11103000	chromium	1980-01-17	499.0	10.0	0.02	CA_PHG
11103000	chromium	1980-07-22	499.0	10.0	0.02	CA_PHG
11103000	chromium	1981-04-22	999.0	20.0	0.02	CA_PHG
11103000	chromium	1981-07-21	499.0	10.0	0.02	CA_PHG
11103000	chromium	1981-11-24	999.0	20.0	0.02	CA_PHG
11103000	chromium	1982-01-19	499.0	10.0	0.02	CA_PHG
11103000	chromium	1982-03-03	499.0	10.0	0.02	CA_PHG
11103000	chromium	1982-07-14	499.0	10.0	0.02	CA_PHG
11103000	chromium	1983-03-08	49.0	1.0	0.02	CA_PHG
11103000	chromium	1983-06-14	49.0	1.0	0.02	CA_PHG
11103000	chromium	1983-12-14	999.0	20.0	0.02	CA_PHG
11103000	chromium	1985-03-22	149.0	3.0	0.02	CA_PHG
11103000	chromium	1985-06-26	99.0	2.0	0.02	CA_PHG
11103000	chromium	1985-09-25	49.0	1.0	0.02	CA_PHG
11103000	chromium	1985-12-11	49.0	1.0	0.02	CA_PHG
11103000	chromium	1986-03-20	249.00000000000003	5.0	0.02	CA_PHG
11103000	chromium	1986-06-19	149.0	3.0	0.02	CA_PHG
11103000	chromium	1986-12-31	49.0	1.0	0.02	CA_PHG
11103000	chromium	1987-03-25	49.0	1.0	0.02	CA_PHG
11103000	chromium	1987-06-30	49.0	1.0	0.02	CA_PHG
11103000	chromium	1987-09-29	49.0	1.0	0.02	CA_PHG
11103000	chromium	1987-12-09	199.0	4.0	0.02	CA_PHG
11103000	chromium	1988-03-15	149.0	3.0	0.02	CA_PHG
11103000	chromium	1988-06-21	49.0	1.0	0.02	CA_PHG
11103000	chromium	1988-09-28	49.0	1.0	0.02	CA_PHG
11103000	chromium	1988-12-29	149.0	3.0	0.02	CA_PHG
11103000	chromium	1989-03-30	149.0	3.0	0.02	CA_PHG
11103000	chromium	1989-06-22	449.0	9.0	0.02	CA_PHG
11103000	chromium	1989-09-27	99.0	2.0	0.02	CA_PHG
11103000	chromium	1989-12-28	149.0	3.0	0.02	CA_PHG
11103000	chromium	1980-01-17	999.0	20.0	0.02	CA_PHG
11103000	chromium	1980-04-30	499.0	10.0	0.02	CA_PHG
11103000	chromium	1980-10-30	499.0	10.0	0.02	CA_PHG
11103000	chromium	1981-07-21	499.0	10.0	0.02	CA_PHG
11103000	iron	1980-01-17	35.666666666666664	11000.0	300.0	USEPA_Sec_MCL
11103000	iron	1980-04-30	5.666666666666667	2000.0	300.0	USEPA_Sec_MCL
11103000	iron	1980-07-22	3.3333333333333335	1300.0	300.0	USEPA_Sec_MCL
11103000	iron	1980-10-30	0.7	510.0	300.0	USEPA_Sec_MCL
11103000	iron	1981-07-21	3.6666666666666665	1400.0	300.0	USEPA_Sec_MCL
11103000	iron	1982-03-03	0.13333333333333333	340.0	300.0	USEPA_Sec_MCL
11103000	iron	1982-07-14	13.333333333333334	4300.0	300.0	USEPA_Sec_MCL
11103000	lead	1982-01-19	4.0	1.0	0.2	USEPA_MCL_Goal
11103000	lead	1982-03-03	4.0	1.0	0.2	USEPA_MCL_Goal
11103000	lead	1983-03-08	4.0	1.0	0.2	USEPA_MCL_Goal
11103000	lead	1983-12-14	4.0	1.0	0.2	USEPA_MCL_Goal
11103000	lead	1984-03-29	4.0	1.0	0.2	USEPA_MCL_Goal
11103000	lead	1984-06-20	4.0	1.0	0.2	USEPA_MCL_Goal
11103000	lead	1985-03-22	4.0	1.0	0.2	USEPA_MCL_Goal
11103000	lead	1985-06-26	4.0	1.0	0.2	USEPA_MCL_Goal
11103000	lead	1985-09-25	9.0	2.0	0.2	USEPA_MCL_Goal
11103000	lead	1985-12-11	23.999999999999996	5.0	0.2	USEPA_MCL_Goal
11103000	lead	1986-03-20	9.0	2.0	0.2	USEPA_MCL_Goal
11103000	lead	1986-06-19	23.999999999999996	5.0	0.2	USEPA_MCL_Goal
11103000	lead	1986-12-31	23.999999999999996	5.0	0.2	USEPA_MCL_Goal
11103000	lead	1987-03-25	23.999999999999996	5.0	0.2	USEPA_MCL_Goal
11103000	lead	1987-06-30	23.999999999999996	5.0	0.2	USEPA_MCL_Goal
11103000	lead	1987-09-29	23.999999999999996	5.0	0.2	USEPA_MCL_Goal
11103000	lead	1987-12-09	23.999999999999996	5.0	0.2	USEPA_MCL_Goal
11103000	lead	1988-03-15	79.0	16.0	0.2	USEPA_MCL_Goal
11103000	lead	1988-06-21	23.999999999999996	5.0	0.2	USEPA_MCL_Goal
11103000	lead	1988-09-28	23.999999999999996	5.0	0.2	USEPA_MCL_Goal
11103000	lead	1988-12-29	23.999999999999996	5.0	0.2	USEPA_MCL_Goal
11103000	lead	1989-03-30	23.999999999999996	5.0	0.2	USEPA_MCL_Goal
11103000	lead	1989-06-22	4.0	1.0	0.2	USEPA_MCL_Goal
11103000	lead	1989-09-27	4.0	1.0	0.2	USEPA_MCL_Goal
11103000	lead	1989-12-28	4.0	1.0	0.2	USEPA_MCL_Goal
11103000	lead	1980-01-17	899.0	180.0	0.2	USEPA_MCL_Goal
11103000	lead	1980-04-30	119.0	24.0	0.2	USEPA_MCL_Goal
11103000	lead	1980-07-22	109.0	22.0	0.2	USEPA_MCL_Goal
11103000	lead	1980-10-30	39.0	8.0	0.2	USEPA_MCL_Goal
11103000	lead	1981-01-20	278.99999999999994	56.0	0.2	USEPA_MCL_Goal
11103000	lead	1981-04-22	49.0	10.0	0.2	USEPA_MCL_Goal
11103000	lead	1981-07-21	64.0	13.0	0.2	USEPA_MCL_Goal
11103000	lead	1982-07-14	104.0	21.0	0.2	USEPA_MCL_Goal
11103000	manganese	1980-01-17	5.2	310.0	50.0	USEPA_Sec_MCL
11103000	manganese	1980-04-30	0.2	60.0	50.0	USEPA_Sec_MCL
11103000	manganese	1981-07-21	0.8	90.0	50.0	USEPA_Sec_MCL
11103000	manganese	1982-07-14	3.2	210.0	50.0	USEPA_Sec_MCL
11103000	manganese	1983-03-08	1.4	120.0	50.0	USEPA_Sec_MCL
11103000	nickel	1985-06-26	0.8333333333333334	22.0	12.0	CA_PHG
11103000	nickel	1989-12-28	0.08333333333333333	13.0	12.0	CA_PHG
11103000	nickel	1980-01-17	0.8333333333333334	22.0	12.0	CA_PHG
11103000	nickel	1980-07-22	1.0833333333333333	25.0	12.0	CA_PHG
11103000	nickel	1980-10-30	0.3333333333333333	16.0	12.0	CA_PHG
11103000	nickel	1981-01-20	1.0	24.0	12.0	CA_PHG
11103000	mercury	1980-01-17	26.999999999999996	1.4	0.05	CA_Inland_Health_DW
11103000	mercury	1980-10-30	5.0	0.3	0.05	CA_Inland_Health_DW
11103000	mercury	1981-01-20	21.0	1.1	0.05	CA_Inland_Health_DW
11103000	mercury	1981-04-22	39.0	2.0	0.05	CA_Inland_Health_DW
11103000	mercury	1981-07-21	10.999999999999998	0.6	0.05	CA_Inland_Health_DW
11103000	mercury	1981-11-24	1.0	0.1	0.05	CA_Inland_Health_DW
11103000	mercury	1982-01-19	1.0	0.1	0.05	CA_Inland_Health_DW
11103000	mercury	1982-03-03	1.0	0.1	0.05	CA_Inland_Health_DW
11103000	mercury	1982-07-14	1.0	0.1	0.05	CA_Inland_Health_DW
11103000	mercury	1982-12-14	1.0	0.1	0.05	CA_Inland_Health_DW
11103000	mercury	1983-03-08	1.0	0.1	0.05	CA_Inland_Health_DW
11103000	mercury	1983-06-14	1.0	0.1	0.05	CA_Inland_Health_DW
11103000	mercury	1983-09-14	1.0	0.1	0.05	CA_Inland_Health_DW
11103000	mercury	1983-12-14	1.0	0.1	0.05	CA_Inland_Health_DW
11103000	mercury	1984-03-29	1.0	0.1	0.05	CA_Inland_Health_DW
11103000	mercury	1984-06-20	1.0	0.1	0.05	CA_Inland_Health_DW
11103000	mercury	1984-09-13	1.0	0.1	0.05	CA_Inland_Health_DW
11103000	mercury	1984-12-11	1.0	0.1	0.05	CA_Inland_Health_DW
11103000	mercury	1985-03-22	1.0	0.1	0.05	CA_Inland_Health_DW
11103000	mercury	1985-06-26	1.0	0.1	0.05	CA_Inland_Health_DW
11103000	mercury	1985-09-25	1.0	0.1	0.05	CA_Inland_Health_DW
11103000	mercury	1985-12-11	1.0	0.1	0.05	CA_Inland_Health_DW
11103000	mercury	1986-03-20	1.0	0.1	0.05	CA_Inland_Health_DW
11103000	mercury	1986-06-19	1.0	0.1	0.05	CA_Inland_Health_DW
11103000	mercury	1986-12-31	3.0000000000000004	0.2	0.05	CA_Inland_Health_DW
11103000	mercury	1987-03-25	1.0	0.1	0.05	CA_Inland_Health_DW
11103000	mercury	1987-06-30	1.0	0.1	0.05	CA_Inland_Health_DW
11103000	mercury	1987-09-29	1.0	0.1	0.05	CA_Inland_Health_DW
11103000	mercury	1987-12-09	1.0	0.1	0.05	CA_Inland_Health_DW
11103000	mercury	1988-03-15	1.0	0.1	0.05	CA_Inland_Health_DW
11103000	mercury	1988-06-21	1.0	0.1	0.05	CA_Inland_Health_DW
11103000	mercury	1988-09-28	1.0	0.1	0.05	CA_Inland_Health_DW
11103000	mercury	1988-12-29	1.0	0.1	0.05	CA_Inland_Health_DW
11103000	mercury	1989-03-30	3.0000000000000004	0.2	0.05	CA_Inland_Health_DW
11103000	mercury	1989-06-22	1.0	0.1	0.05	CA_Inland_Health_DW
11103000	mercury	1989-09-27	1.0	0.1	0.05	CA_Inland_Health_DW
11103000	mercury	1989-12-28	1.0	0.1	0.05	CA_Inland_Health_DW
11103000	mercury	1980-04-30	1.0	0.1	0.05	CA_Inland_Health_DW
11103000	mercury	1980-07-22	22.999999999999996	1.2	0.05	CA_Inland_Health_DW
11103000	mercury	1981-04-22	3.0000000000000004	0.2	0.05	CA_Inland_Health_DW
11103000	mercury	1981-07-21	12.999999999999998	0.7	0.05	CA_Inland_Health_DW
11103000	mercury	1982-03-03	1.0	0.1	0.05	CA_Inland_Health_DW
arsenic	340205118405301	1981-12-01	2856.1428571428573	4.0	0.0014	USEPA_MCL_Goal
arsenic	340205118405301	1982-04-07	2141.857142857143	3.0	0.0014	USEPA_MCL_Goal
arsenic	11104000	1981-12-01	3570.428571428571	5.0	0.0014	USEPA_MCL_Goal
arsenic	11104000	1982-04-07	2141.857142857143	3.0	0.0014	USEPA_MCL_Goal
arsenic	11104000	1983-03-02	2856.1428571428573	4.0	0.0014	USEPA_MCL_Goal
arsenic	11105500	1981-12-01	2856.1428571428573	4.0	0.0014	USEPA_MCL_Goal
arsenic	11105500	1982-04-07	2141.857142857143	3.0	0.0014	USEPA_MCL_Goal
arsenic	11105500	1983-03-01	2856.1428571428573	4.0	0.0014	USEPA_MCL_Goal
cadmium	11082800	1980-05-19	60868.56521739131	140.0	0.0023	CalEPA_Cancer_Potency
cadmium	340205118405301	1981-12-01	868.5652173913044	2.0	0.0023	CalEPA_Cancer_Potency
cadmium	340205118405301	1982-04-07	433.7826086956522	1.0	0.0023	CalEPA_Cancer_Potency
cadmium	340205118405301	1982-07-28	4346.826086956522	10.0	0.0023	CalEPA_Cancer_Potency
cadmium	11104000	1981-12-01	868.5652173913044	2.0	0.0023	CalEPA_Cancer_Potency
cadmium	11104000	1982-04-07	433.7826086956522	1.0	0.0023	CalEPA_Cancer_Potency
cadmium	11104000	1982-07-27	4346.826086956522	10.0	0.0023	CalEPA_Cancer_Potency
cadmium	11104000	1983-03-02	433.7826086956522	1.0	0.0023	CalEPA_Cancer_Potency
cadmium	11105500	1981-12-01	868.5652173913044	2.0	0.0023	CalEPA_Cancer_Potency
cadmium	11105500	1982-04-07	433.7826086956522	1.0	0.0023	CalEPA_Cancer_Potency
cadmium	11105500	1983-03-01	433.7826086956522	1.0	0.0023	CalEPA_Cancer_Potency
iron	340205118405301	1981-12-01	35.666666666666664	11000.0	300.0	USEPA_Sec_MCL
iron	11104000	1981-12-01	15.666666666666666	5000.0	300.0	USEPA_Sec_MCL
iron	11105500	1981-12-01	27.333333333333332	8500.0	300.0	USEPA_Sec_MCL
iron	344158118124801	1980-06-25	7.0	2400.0	300.0	USEPA_Sec_MCL
lead	340205118405301	1981-12-01	49.0	10.0	0.2	USEPA_MCL_Goal
lead	340205118405301	1982-04-07	49.0	10.0	0.2	USEPA_MCL_Goal
lead	340205118405301	1982-07-28	498.99999999999994	100.0	0.2	USEPA_MCL_Goal
lead	11104000	1981-12-01	198.99999999999997	40.0	0.2	USEPA_MCL_Goal
lead	11104000	1982-04-07	49.0	10.0	0.2	USEPA_MCL_Goal
lead	11104000	1982-07-27	498.99999999999994	100.0	0.2	USEPA_MCL_Goal
lead	11104000	1983-03-02	49.0	10.0	0.2	USEPA_MCL_Goal
lead	11105500	1981-12-01	49.0	10.0	0.2	USEPA_MCL_Goal
lead	11105500	1982-04-07	49.0	10.0	0.2	USEPA_MCL_Goal
lead	11105500	1983-03-01	49.0	10.0	0.2	USEPA_MCL_Goal
nickel	340205118405301	1982-04-07	1.5	30.0	12.0	CA_PHG
nickel	340205118405301	1982-07-28	7.333333333333333	100.0	12.0	CA_PHG
nickel	11104000	1983-03-02	7.333333333333333	100.0	12.0	CA_PHG
nickel	11104000	1982-04-07	0.6666666666666666	20.0	12.0	CA_PHG
nickel	11104000	1982-07-27	7.333333333333333	100.0	12.0	CA_PHG
nickel	11105500	1983-03-01	7.333333333333333	100.0	12.0	CA_PHG
nickel	11105500	1982-04-07	1.5	30.0	12.0	CA_PHG
nickel	11105500	1983-03-01	1.5	30.0	12.0	CA_PHG
nickel	340215118455401	1982-11-10	7.333333333333333	100.0	12.0	CA_PHG
mercury	340205118405301	1982-07-28	3.0000000000000004	0.2	0.05	CA_Inland_Health_DW
mercury	11104000	1982-07-27	3.0000000000000004	0.2	0.05	CA_Inland_Health_DW
340205118405301	boron	1982-07-28	0.2	1200.0	1000.0	CA_Action_Level
340205118405301	p,p'-dde	1982-07-28	3219.338983050847	1.9	0.00059	CA_Inland_Health_DW
340205118405301	p,p'-dde	1988-08-04	3388.830508474576	2.0	0.00059	CA_Inland_Health_DW
340205118405301	aldrin	1982-07-28	1249.0	0.1	8e-05	NAWQC_Health_WF
340205118405301	aldrin	1988-08-04	1249.0	0.1	8e-05	NAWQC_Health_WF
340205118405301	lindane	1982-07-28	4.2631578947368425	0.1	0.019	CA_Inland_Health_DW
340205118405301	lindane	1988-08-04	4.2631578947368425	0.1	0.019	CA_Inland_Health_DW
340205118405301	p,p'-ddd	1982-07-28	1806.2289156626505	1.5	0.00083	CA_Inland_Health_DW
340205118405301	p,p'-ddd	1988-08-04	119.48192771084338	0.1	0.00083	CA_Inland_Health_DW
340205118405301	p,p'-ddt	1982-07-28	168.49152542372883	0.1	0.00059	CA_Inland_Health_DW
340205118405301	p,p'-ddt	1988-08-04	168.49152542372883	0.1	0.00059	CA_Inland_Health_DW
340205118405301	dieldrin	1982-07-28	4284.714285714285	0.6	0.00014	CA_Inland_Health_DW
340205118405301	dieldrin	1988-08-04	713.2857142857143	0.1	0.00014	CA_Inland_Health_DW
340205118405301	endrin	1982-07-28	2.3333333333333335	0.1	0.03	NAWQC_Health_WF
340205118405301	endrin	1988-08-04	2.3333333333333335	0.1	0.03	NAWQC_Health_WF
340205118405301	toxaphene	1982-07-28	13697.630136986301	10.0	0.00073	USEPA_MCL_Goal
340205118405301	toxaphene	1988-08-04	13697.630136986301	10.0	0.00073	USEPA_MCL_Goal
340205118405301	heptachlor	1982-07-28	475.1904761904762	0.1	0.00021	USEPA_MCL_Goal
340205118405301	heptachlor	1988-08-04	475.1904761904762	0.1	0.00021	USEPA_MCL_Goal
340205118405301	heptachlor	1982-07-28	475.1904761904762	0.1	0.00021	USEPA_MCL_Goal
340205118405301	heptachlor	1988-08-04	475.1904761904762	0.1	0.00021	USEPA_MCL_Goal
340205118405301	heptachlor epoxide	1982-07-28	999.0	0.1	0.0001	USEPA_MCL_Goal
340205118405301	heptachlor epoxide	1988-08-04	999.0	0.1	0.0001	USEPA_MCL_Goal
340205118405301	pcbs	1982-07-28	23528.41176470588	4.0	0.00017	USEPA_MCL_Goal
340205118405301	pcbs	1988-08-04	5881.35294117647	1.0	0.00017	USEPA_MCL_Goal
11104000	p,p'-dde	1982-07-27	337.9830508474576	0.2	0.00059	CA_Inland_Health_DW
11104000	p,p'-dde	1983-07-13	168.49152542372883	0.1	0.00059	CA_Inland_Health_DW
11104000	p,p'-dde	1984-05-30	168.49152542372883	0.1	0.00059	CA_Inland_Health_DW
11104000	p,p'-dde	1984-06-26	507.47457627118644	0.3	0.00059	CA_Inland_Health_DW
11104000	p,p'-dde	1984-07-24	337.9830508474576	0.2	0.00059	CA_Inland_Health_DW
11104000	p,p'-dde	1984-08-29	168.49152542372883	0.1	0.00059	CA_Inland_Health_DW
11104000	p,p'-dde	1986-07-23	337.9830508474576	0.2	0.00059	CA_Inland_Health_DW
11104000	p,p'-dde	1987-08-05	337.9830508474576	0.2	0.00059	CA_Inland_Health_DW
11104000	p,p'-dde	1987-09-17	168.49152542372883	0.1	0.00059	CA_Inland_Health_DW
11104000	p,p'-dde	1988-08-03	507.47457627118644	0.3	0.00059	CA_Inland_Health_DW
11104000	aldrin	1982-07-27	1249.0	0.1	8e-05	NAWQC_Health_WF
11104000	aldrin	1983-07-13	1249.0	0.1	8e-05	NAWQC_Health_WF
11104000	aldrin	1984-05-30	1249.0	0.1	8e-05	NAWQC_Health_WF
11104000	aldrin	1984-06-26	1249.0	0.1	8e-05	NAWQC_Health_WF
11104000	aldrin	1984-07-24	1249.0	0.1	8e-05	NAWQC_Health_WF
11104000	aldrin	1984-08-29	1249.0	0.1	8e-05	NAWQC_Health_WF
11104000	aldrin	1986-07-23	1249.0	0.1	8e-05	NAWQC_Health_WF
11104000	aldrin	1987-08-05	1249.0	0.1	8e-05	NAWQC_Health_WF
11104000	aldrin	1987-09-17	1249.0	0.1	8e-05	NAWQC_Health_WF
11104000	aldrin	1988-08-03	1249.0	0.1	8e-05	NAWQC_Health_WF
11104000	lindane	1982-07-27	4.2631578947368425	0.1	0.019	CA_Inland_Health_DW
11104000	lindane	1983-07-13	4.2631578947368425	0.1	0.019	CA_Inland_Health_DW
11104000	lindane	1984-05-30	4.2631578947368425	0.1	0.019	CA_Inland_Health_DW
11104000	lindane	1984-06-26	4.2631578947368425	0.1	0.019	CA_Inland_Health_DW
11104000	lindane	1984-07-24	4.2631578947368425	0.1	0.019	CA_Inland_Health_DW
11104000	lindane	1984-08-29	4.2631578947368425	0.1	0.019	CA_Inland_Health_DW
11104000	lindane	1986-07-23	4.2631578947368425	0.1	0.019	CA_Inland_Health_DW
11104000	lindane	1987-08-05	4.2631578947368425	0.1	0.019	CA_Inland_Health_DW
11104000	lindane	1987-09-17	4.2631578947368425	0.1	0.019	CA_Inland_Health_DW
11104000	lindane	1988-08-03	4.2631578947368425	0.1	0.019	CA_Inland_Health_DW
11104000	p,p'-ddd	1982-07-27	480.9277108433735	0.4	0.00083	CA_Inland_Health_DW
11104000	p,p'-ddd	1983-07-13	119.48192771084338	0.1	0.00083	CA_Inland_Health_DW
11104000	p,p'-ddd	1984-05-30	119.48192771084338	0.1	0.00083	CA_Inland_Health_DW
11104000	p,p'-ddd	1984-06-26	119.48192771084338	0.1	0.00083	CA_Inland_Health_DW
11104000	p,p'-ddd	1984-07-24	119.48192771084338	0.1	0.00083	CA_Inland_Health_DW
11104000	p,p'-ddd	1984-08-29	119.48192771084338	0.1	0.00083	CA_Inland_Health_DW
11104000	p,p'-ddd	1986-07-23	119.48192771084338	0.1	0.00083	CA_Inland_Health_DW
11104000	p,p'-ddd	1987-08-05	119.48192771084338	0.1	0.00083	CA_Inland_Health_DW
11104000	p,p'-ddd	1987-09-17	119.48192771084338	0.1	0.00083	CA_Inland_Health_DW
11104000	p,p'-ddd	1988-08-03	119.48192771084338	0.1	0.00083	CA_Inland_Health_DW
11104000	p,p'-ddt	1982-07-27	168.49152542372883	0.1	0.00059	CA_Inland_Health_DW
11104000	p,p'-ddt	1983-07-13	168.49152542372883	0.1	0.00059	CA_Inland_Health_DW
11104000	p,p'-ddt	1984-05-30	168.49152542372883	0.1	0.00059	CA_Inland_Health_DW
11104000	p,p'-ddt	1984-06-26	1185.4406779661017	0.7	0.00059	CA_Inland_Health_DW
11104000	p,p'-ddt	1984-07-24	337.9830508474576	0.2	0.00059	CA_Inland_Health_DW
11104000	p,p'-ddt	1984-08-29	1524.4237288135594	0.9	0.00059	CA_Inland_Health_DW
11104000	p,p'-ddt	1986-07-23	168.49152542372883	0.1	0.00059	CA_Inland_Health_DW
11104000	p,p'-ddt	1987-08-05	168.49152542372883	0.1	0.00059	CA_Inland_Health_DW
11104000	p,p'-ddt	1987-09-17	168.49152542372883	0.1	0.00059	CA_Inland_Health_DW
11104000	p,p'-ddt	1988-08-03	168.49152542372883	0.1	0.00059	CA_Inland_Health_DW
11104000	dieldrin	1982-07-27	713.2857142857143	0.1	0.00014	CA_Inland_Health_DW
11104000	dieldrin	1983-07-13	713.2857142857143	0.1	0.00014	CA_Inland_Health_DW
11104000	dieldrin	1984-05-30	713.2857142857143	0.1	0.00014	CA_Inland_Health_DW
11104000	dieldrin	1984-06-26	713.2857142857143	0.1	0.00014	CA_Inland_Health_DW
11104000	dieldrin	1984-07-24	713.2857142857143	0.1	0.00014	CA_Inland_Health_DW
11104000	dieldrin	1984-08-29	713.2857142857143	0.1	0.00014	CA_Inland_Health_DW
11104000	dieldrin	1986-07-23	713.2857142857143	0.1	0.00014	CA_Inland_Health_DW
11104000	dieldrin	1987-08-05	713.2857142857143	0.1	0.00014	CA_Inland_Health_DW
11104000	dieldrin	1987-09-17	713.2857142857143	0.1	0.00014	CA_Inland_Health_DW
11104000	dieldrin	1988-08-03	713.2857142857143	0.1	0.00014	CA_Inland_Health_DW
11104000	endrin	1982-07-27	2.3333333333333335	0.1	0.03	NAWQC_Health_WF
11104000	endrin	1983-07-13	2.3333333333333335	0.1	0.03	NAWQC_Health_WF
11104000	endrin	1984-05-30	2.3333333333333335	0.1	0.03	NAWQC_Health_WF
11104000	endrin	1984-06-26	2.3333333333333335	0.1	0.03	NAWQC_Health_WF
11104000	endrin	1984-07-24	2.3333333333333335	0.1	0.03	NAWQC_Health_WF
11104000	endrin	1984-08-29	2.3333333333333335	0.1	0.03	NAWQC_Health_WF
11104000	endrin	1986-07-23	2.3333333333333335	0.1	0.03	NAWQC_Health_WF
11104000	endrin	1987-08-05	2.3333333333333335	0.1	0.03	NAWQC_Health_WF
11104000	endrin	1987-09-17	2.3333333333333335	0.1	0.03	NAWQC_Health_WF
11104000	endrin	1988-08-03	2.3333333333333335	0.1	0.03	NAWQC_Health_WF
11104000	toxaphene	1982-07-27	13697.630136986301	10.0	0.00073	USEPA_MCL_Goal
11104000	toxaphene	1983-07-13	13697.630136986301	10.0	0.00073	USEPA_MCL_Goal
11104000	toxaphene	1984-05-30	13697.630136986301	10.0	0.00073	USEPA_MCL_Goal
11104000	toxaphene	1984-06-26	13697.630136986301	10.0	0.00073	USEPA_MCL_Goal
11104000	toxaphene	1984-07-24	13697.630136986301	10.0	0.00073	USEPA_MCL_Goal
11104000	toxaphene	1984-08-29	13697.630136986301	10.0	0.00073	USEPA_MCL_Goal
11104000	toxaphene	1986-07-23	13697.630136986301	10.0	0.00073	USEPA_MCL_Goal
11104000	toxaphene	1987-08-05	13697.630136986301	10.0	0.00073	USEPA_MCL_Goal
11104000	toxaphene	1987-09-17	13697.630136986301	10.0	0.00073	USEPA_MCL_Goal
11104000	toxaphene	1988-08-03	13697.630136986301	10.0	0.00073	USEPA_MCL_Goal
11104000	heptachlor	1982-07-27	475.1904761904762	0.1	0.00021	USEPA_MCL_Goal
11104000	heptachlor	1983-07-13	475.1904761904762	0.1	0.00021	USEPA_MCL_Goal
11104000	heptachlor	1984-05-30	475.1904761904762	0.1	0.00021	USEPA_MCL_Goal
11104000	heptachlor	1984-06-26	475.1904761904762	0.1	0.00021	USEPA_MCL_Goal
11104000	heptachlor	1984-07-24	475.1904761904762	0.1	0.00021	USEPA_MCL_Goal
11104000	heptachlor	1984-08-29	475.1904761904762	0.1	0.00021	USEPA_MCL_Goal
11104000	heptachlor	1986-07-23	475.1904761904762	0.1	0.00021	USEPA_MCL_Goal
11104000	heptachlor	1987-08-05	475.1904761904762	0.1	0.00021	USEPA_MCL_Goal
11104000	heptachlor	1987-09-17	475.1904761904762	0.1	0.00021	USEPA_MCL_Goal
11104000	heptachlor	1988-08-03	475.1904761904762	0.1	0.00021	USEPA_MCL_Goal
11104000	heptachlor	1982-07-27	475.1904761904762	0.1	0.00021	USEPA_MCL_Goal
11104000	heptachlor	1983-07-13	475.1904761904762	0.1	0.00021	USEPA_MCL_Goal
11104000	heptachlor	1984-05-30	475.1904761904762	0.1	0.00021	USEPA_MCL_Goal
11104000	heptachlor	1984-06-26	475.1904761904762	0.1	0.00021	USEPA_MCL_Goal
11104000	heptachlor	1984-07-24	475.1904761904762	0.1	0.00021	USEPA_MCL_Goal
11104000	heptachlor	1984-08-29	475.1904761904762	0.1	0.00021	USEPA_MCL_Goal
11104000	heptachlor	1986-07-23	475.1904761904762	0.1	0.00021	USEPA_MCL_Goal
11104000	heptachlor	1987-08-05	475.1904761904762	0.1	0.00021	USEPA_MCL_Goal
11104000	heptachlor	1987-09-17	475.1904761904762	0.1	0.00021	USEPA_MCL_Goal
11104000	heptachlor	1988-08-03	475.1904761904762	0.1	0.00021	USEPA_MCL_Goal
11104000	heptachlor epoxide	1982-07-27	999.0	0.1	0.0001	USEPA_MCL_Goal
11104000	heptachlor epoxide	1983-07-13	999.0	0.1	0.0001	USEPA_MCL_Goal
11104000	heptachlor epoxide	1984-05-30	999.0	0.1	0.0001	USEPA_MCL_Goal
11104000	heptachlor epoxide	1984-06-26	999.0	0.1	0.0001	USEPA_MCL_Goal
11104000	heptachlor epoxide	1984-07-24	999.0	0.1	0.0001	USEPA_MCL_Goal
11104000	heptachlor epoxide	1984-08-29	999.0	0.1	0.0001	USEPA_MCL_Goal
11104000	heptachlor epoxide	1986-07-23	999.0	0.1	0.0001	USEPA_MCL_Goal
11104000	heptachlor epoxide	1987-08-05	999.0	0.1	0.0001	USEPA_MCL_Goal
11104000	heptachlor epoxide	1987-09-17	999.0	0.1	0.0001	USEPA_MCL_Goal
11104000	heptachlor epoxide	1988-08-03	999.0	0.1	0.0001	USEPA_MCL_Goal
11104000	pcbs	1982-07-27	5881.35294117647	1.0	0.00017	USEPA_MCL_Goal
11104000	pcbs	1983-07-13	5881.35294117647	1.0	0.00017	USEPA_MCL_Goal
11104000	pcbs	1984-05-30	5881.35294117647	1.0	0.00017	USEPA_MCL_Goal
11104000	pcbs	1984-06-26	5881.35294117647	1.0	0.00017	USEPA_MCL_Goal
11104000	pcbs	1984-07-24	11763.70588235294	2.0	0.00017	USEPA_MCL_Goal
11104000	pcbs	1984-08-29	5881.35294117647	1.0	0.00017	USEPA_MCL_Goal
11104000	pcbs	1986-07-23	5881.35294117647	1.0	0.00017	USEPA_MCL_Goal
11104000	pcbs	1987-08-05	5881.35294117647	1.0	0.00017	USEPA_MCL_Goal
11104000	pcbs	1987-09-17	5881.35294117647	1.0	0.00017	USEPA_MCL_Goal
11104000	pcbs	1988-08-03	5881.35294117647	1.0	0.00017	USEPA_MCL_Goal
11105500	p,p'-dde	1983-07-13	507.47457627118644	0.3	0.00059	CA_Inland_Health_DW
11105500	p,p'-dde	1984-05-30	337.9830508474576	0.2	0.00059	CA_Inland_Health_DW
11105500	p,p'-dde	1984-06-26	846.457627118644	0.5	0.00059	CA_Inland_Health_DW
11105500	p,p'-dde	1984-07-24	1015.9491525423729	0.6	0.00059	CA_Inland_Health_DW
11105500	p,p'-dde	1986-07-24	168.49152542372883	0.1	0.00059	CA_Inland_Health_DW
11105500	p,p'-dde	1987-08-05	168.49152542372883	0.1	0.00059	CA_Inland_Health_DW
11105500	p,p'-dde	1987-09-17	337.9830508474576	0.2	0.00059	CA_Inland_Health_DW
11105500	p,p'-dde	1988-08-02	846.457627118644	0.5	0.00059	CA_Inland_Health_DW
11105500	aldrin	1983-07-13	1249.0	0.1	8e-05	NAWQC_Health_WF
11105500	aldrin	1984-05-30	1249.0	0.1	8e-05	NAWQC_Health_WF
11105500	aldrin	1984-06-26	1249.0	0.1	8e-05	NAWQC_Health_WF
11105500	aldrin	1984-07-24	1249.0	0.1	8e-05	NAWQC_Health_WF
11105500	aldrin	1986-07-24	1249.0	0.1	8e-05	NAWQC_Health_WF
11105500	aldrin	1987-08-05	1249.0	0.1	8e-05	NAWQC_Health_WF
11105500	aldrin	1987-09-17	3748.999999999999	0.3	8e-05	NAWQC_Health_WF
11105500	aldrin	1988-08-02	1249.0	0.1	8e-05	NAWQC_Health_WF
11105500	lindane	1983-07-13	4.2631578947368425	0.1	0.019	CA_Inland_Health_DW
11105500	lindane	1984-05-30	14.789473684210526	0.3	0.019	CA_Inland_Health_DW
11105500	lindane	1984-06-26	14.789473684210526	0.3	0.019	CA_Inland_Health_DW
11105500	lindane	1984-07-24	20.05263157894737	0.4	0.019	CA_Inland_Health_DW
11105500	lindane	1986-07-24	4.2631578947368425	0.1	0.019	CA_Inland_Health_DW
11105500	lindane	1987-08-05	4.2631578947368425	0.1	0.019	CA_Inland_Health_DW
11105500	lindane	1987-09-17	4.2631578947368425	0.1	0.019	CA_Inland_Health_DW
11105500	lindane	1988-08-02	4.2631578947368425	0.1	0.019	CA_Inland_Health_DW
11105500	p,p'-ddd	1983-07-13	239.96385542168676	0.2	0.00083	CA_Inland_Health_DW
11105500	p,p'-ddd	1984-05-30	119.48192771084338	0.1	0.00083	CA_Inland_Health_DW
11105500	p,p'-ddd	1984-06-26	119.48192771084338	0.1	0.00083	CA_Inland_Health_DW
11105500	p,p'-ddd	1984-07-24	119.48192771084338	0.1	0.00083	CA_Inland_Health_DW
11105500	p,p'-ddd	1986-07-24	119.48192771084338	0.1	0.00083	CA_Inland_Health_DW
11105500	p,p'-ddd	1987-09-17	119.48192771084338	0.1	0.00083	CA_Inland_Health_DW
11105500	p,p'-ddd	1988-08-02	119.48192771084338	0.1	0.00083	CA_Inland_Health_DW
11105500	p,p'-ddt	1983-07-13	676.9661016949153	0.4	0.00059	CA_Inland_Health_DW
11105500	p,p'-ddt	1984-05-30	168.49152542372883	0.1	0.00059	CA_Inland_Health_DW
11105500	p,p'-ddt	1984-06-26	1185.4406779661017	0.7	0.00059	CA_Inland_Health_DW
11105500	p,p'-ddt	1984-07-24	168.49152542372883	0.1	0.00059	CA_Inland_Health_DW
11105500	p,p'-ddt	1986-07-24	168.49152542372883	0.1	0.00059	CA_Inland_Health_DW
11105500	p,p'-ddt	1987-08-05	168.49152542372883	0.1	0.00059	CA_Inland_Health_DW
11105500	p,p'-ddt	1987-09-17	337.9830508474576	0.2	0.00059	CA_Inland_Health_DW
11105500	p,p'-ddt	1988-08-02	168.49152542372883	0.1	0.00059	CA_Inland_Health_DW
11105500	dieldrin	1983-07-13	713.2857142857143	0.1	0.00014	CA_Inland_Health_DW
11105500	dieldrin	1984-05-30	713.2857142857143	0.1	0.00014	CA_Inland_Health_DW
11105500	dieldrin	1984-06-26	1427.5714285714287	0.2	0.00014	CA_Inland_Health_DW
11105500	dieldrin	1984-07-24	1427.5714285714287	0.2	0.00014	CA_Inland_Health_DW
11105500	dieldrin	1986-07-24	713.2857142857143	0.1	0.00014	CA_Inland_Health_DW
11105500	dieldrin	1987-08-05	713.2857142857143	0.1	0.00014	CA_Inland_Health_DW
11105500	dieldrin	1987-09-17	713.2857142857143	0.1	0.00014	CA_Inland_Health_DW
11105500	dieldrin	1988-08-02	713.2857142857143	0.1	0.00014	CA_Inland_Health_DW
11105500	endrin	1983-07-13	2.3333333333333335	0.1	0.03	NAWQC_Health_WF
11105500	endrin	1984-05-30	2.3333333333333335	0.1	0.03	NAWQC_Health_WF
11105500	endrin	1984-06-26	2.3333333333333335	0.1	0.03	NAWQC_Health_WF
11105500	endrin	1984-07-24	2.3333333333333335	0.1	0.03	NAWQC_Health_WF
11105500	endrin	1986-07-24	2.3333333333333335	0.1	0.03	NAWQC_Health_WF
11105500	endrin	1987-08-05	2.3333333333333335	0.1	0.03	NAWQC_Health_WF
11105500	endrin	1987-09-17	2.3333333333333335	0.1	0.03	NAWQC_Health_WF
11105500	endrin	1988-08-02	2.3333333333333335	0.1	0.03	NAWQC_Health_WF
11105500	toxaphene	1983-07-13	13697.630136986301	10.0	0.00073	USEPA_MCL_Goal
11105500	toxaphene	1984-05-30	13697.630136986301	10.0	0.00073	USEPA_MCL_Goal
11105500	toxaphene	1984-06-26	13697.630136986301	10.0	0.00073	USEPA_MCL_Goal
11105500	toxaphene	1984-07-24	13697.630136986301	10.0	0.00073	USEPA_MCL_Goal
11105500	toxaphene	1986-07-24	13697.630136986301	10.0	0.00073	USEPA_MCL_Goal
11105500	toxaphene	1987-08-05	13697.630136986301	10.0	0.00073	USEPA_MCL_Goal
11105500	toxaphene	1987-09-17	13697.630136986301	10.0	0.00073	USEPA_MCL_Goal
11105500	toxaphene	1988-08-02	13697.630136986301	10.0	0.00073	USEPA_MCL_Goal
11105500	heptachlor	1983-07-13	475.1904761904762	0.1	0.00021	USEPA_MCL_Goal
11105500	heptachlor	1984-05-30	475.1904761904762	0.1	0.00021	USEPA_MCL_Goal
11105500	heptachlor	1984-06-26	475.1904761904762	0.1	0.00021	USEPA_MCL_Goal
11105500	heptachlor	1984-07-24	475.1904761904762	0.1	0.00021	USEPA_MCL_Goal
11105500	heptachlor	1986-07-24	475.1904761904762	0.1	0.00021	USEPA_MCL_Goal
11105500	heptachlor	1987-08-05	475.1904761904762	0.1	0.00021	USEPA_MCL_Goal
11105500	heptachlor	1987-09-17	475.1904761904762	0.1	0.00021	USEPA_MCL_Goal
11105500	heptachlor	1988-08-02	475.1904761904762	0.1	0.00021	USEPA_MCL_Goal
11105500	heptachlor	1983-07-13	475.1904761904762	0.1	0.00021	USEPA_MCL_Goal
11105500	heptachlor	1984-05-30	475.1904761904762	0.1	0.00021	USEPA_MCL_Goal
11105500	heptachlor	1984-06-26	475.1904761904762	0.1	0.00021	USEPA_MCL_Goal
11105500	heptachlor	1984-07-24	475.1904761904762	0.1	0.00021	USEPA_MCL_Goal
11105500	heptachlor	1986-07-24	475.1904761904762	0.1	0.00021	USEPA_MCL_Goal
11105500	heptachlor	1987-08-05	475.1904761904762	0.1	0.00021	USEPA_MCL_Goal
11105500	heptachlor	1987-09-17	475.1904761904762	0.1	0.00021	USEPA_MCL_Goal
11105500	heptachlor	1988-08-02	475.1904761904762	0.1	0.00021	USEPA_MCL_Goal
11105500	heptachlor epoxide	1983-07-13	999.0	0.1	0.0001	USEPA_MCL_Goal
11105500	heptachlor epoxide	1984-05-30	999.0	0.1	0.0001	USEPA_MCL_Goal
11105500	heptachlor epoxide	1984-06-26	999.0	0.1	0.0001	USEPA_MCL_Goal
11105500	heptachlor epoxide	1984-07-24	999.0	0.1	0.0001	USEPA_MCL_Goal
11105500	heptachlor epoxide	1986-07-24	999.0	0.1	0.0001	USEPA_MCL_Goal
11105500	heptachlor epoxide	1987-08-05	999.0	0.1	0.0001	USEPA_MCL_Goal
11105500	heptachlor epoxide	1987-09-17	999.0	0.1	0.0001	USEPA_MCL_Goal
11105500	heptachlor epoxide	1988-08-02	999.0	0.1	0.0001	USEPA_MCL_Goal
11105500	pcbs	1983-07-13	5881.35294117647	1.0	0.00017	USEPA_MCL_Goal
11105500	pcbs	1984-05-30	5881.35294117647	1.0	0.00017	USEPA_MCL_Goal
11105500	pcbs	1984-06-26	5881.35294117647	1.0	0.00017	USEPA_MCL_Goal
11105500	pcbs	1984-07-24	17646.058823529413	3.0	0.00017	USEPA_MCL_Goal
11105500	pcbs	1986-07-24	5881.35294117647	1.0	0.00017	USEPA_MCL_Goal
11105500	pcbs	1987-08-05	5881.35294117647	1.0	0.00017	USEPA_MCL_Goal
11105500	pcbs	1987-09-17	5881.35294117647	1.0	0.00017	USEPA_MCL_Goal
11105500	pcbs	1988-08-02	5881.35294117647	1.0	0.00017	USEPA_MCL_Goal
boron	11105410	1982-03-18	0.7	1700.0	1000.0	CA_Action_Level
boron	11105410	1982-07-27	2.9	3900.0	1000.0	CA_Action_Level
p,p'-dde	11105410	1986-07-24	168.49152542372883	0.1	0.00059	CA_Inland_Health_DW
p,p'-dde	11105410	1988-08-03	168.49152542372883	0.1	0.00059	CA_Inland_Health_DW
p,p'-dde	340248118352401	1986-07-24	168.49152542372883	0.1	0.00059	CA_Inland_Health_DW
p,p'-dde	340248118352401	1987-08-05	2371.881355932203	1.4	0.00059	CA_Inland_Health_DW
p,p'-dde	340248118352401	1987-09-17	846.457627118644	0.5	0.00059	CA_Inland_Health_DW
p,p'-dde	340655118451801	1988-08-02	3049.8474576271183	1.8	0.00059	CA_Inland_Health_DW
aldrin	11105410	1986-07-24	1249.0	0.1	8e-05	NAWQC_Health_WF
aldrin	11105410	1988-08-03	1249.0	0.1	8e-05	NAWQC_Health_WF
aldrin	340248118352401	1986-07-24	1249.0	0.1	8e-05	NAWQC_Health_WF
aldrin	340248118352401	1987-08-05	1249.0	0.1	8e-05	NAWQC_Health_WF
aldrin	340248118352401	1987-09-17	1249.0	0.1	8e-05	NAWQC_Health_WF
aldrin	340655118451801	1988-08-02	1249.0	0.1	8e-05	NAWQC_Health_WF
lindane	11105410	1986-07-24	4.2631578947368425	0.1	0.019	CA_Inland_Health_DW
lindane	11105410	1988-08-03	4.2631578947368425	0.1	0.019	CA_Inland_Health_DW
lindane	340248118352401	1986-07-24	4.2631578947368425	0.1	0.019	CA_Inland_Health_DW
lindane	340248118352401	1987-08-05	4.2631578947368425	0.1	0.019	CA_Inland_Health_DW
lindane	340248118352401	1987-09-17	4.2631578947368425	0.1	0.019	CA_Inland_Health_DW
lindane	340655118451801	1988-08-02	4.2631578947368425	0.1	0.019	CA_Inland_Health_DW
p,p'-ddd	11105410	1986-07-24	119.48192771084338	0.1	0.00083	CA_Inland_Health_DW
p,p'-ddd	11105410	1988-08-03	119.48192771084338	0.1	0.00083	CA_Inland_Health_DW
p,p'-ddd	340248118352401	1986-07-24	119.48192771084338	0.1	0.00083	CA_Inland_Health_DW
p,p'-ddd	340248118352401	1987-08-05	360.4457831325301	0.3	0.00083	CA_Inland_Health_DW
p,p'-ddd	340248118352401	1987-09-17	360.4457831325301	0.3	0.00083	CA_Inland_Health_DW
p,p'-ddd	340655118451801	1988-08-02	119.48192771084338	0.1	0.00083	CA_Inland_Health_DW
p,p'-ddt	11105410	1986-07-24	168.49152542372883	0.1	0.00059	CA_Inland_Health_DW
p,p'-ddt	11105410	1988-08-03	168.49152542372883	0.1	0.00059	CA_Inland_Health_DW
p,p'-ddt	340248118352401	1986-07-24	168.49152542372883	0.1	0.00059	CA_Inland_Health_DW
p,p'-ddt	340248118352401	1987-08-05	1354.9322033898306	0.8	0.00059	CA_Inland_Health_DW
p,p'-ddt	340248118352401	1987-09-17	1015.9491525423729	0.6	0.00059	CA_Inland_Health_DW
p,p'-ddt	340655118451801	1988-08-02	168.49152542372883	0.1	0.00059	CA_Inland_Health_DW
dieldrin	11105410	1986-07-24	713.2857142857143	0.1	0.00014	CA_Inland_Health_DW
dieldrin	11105410	1988-08-03	713.2857142857143	0.1	0.00014	CA_Inland_Health_DW
dieldrin	340248118352401	1986-07-24	713.2857142857143	0.1	0.00014	CA_Inland_Health_DW
dieldrin	340248118352401	1987-08-05	713.2857142857143	0.1	0.00014	CA_Inland_Health_DW
dieldrin	340248118352401	1987-09-17	713.2857142857143	0.1	0.00014	CA_Inland_Health_DW
dieldrin	340655118451801	1988-08-02	1427.5714285714287	0.2	0.00014	CA_Inland_Health_DW
endrin	11105410	1986-07-24	2.3333333333333335	0.1	0.03	NAWQC_Health_WF
endrin	11105410	1988-08-03	2.3333333333333335	0.1	0.03	NAWQC_Health_WF
endrin	340248118352401	1986-07-24	2.3333333333333335	0.1	0.03	NAWQC_Health_WF
endrin	340248118352401	1987-08-05	2.3333333333333335	0.1	0.03	NAWQC_Health_WF
endrin	340248118352401	1987-09-17	2.3333333333333335	0.1	0.03	NAWQC_Health_WF
endrin	340655118451801	1988-08-02	2.3333333333333335	0.1	0.03	NAWQC_Health_WF
toxaphene	11105410	1986-07-24	13697.630136986301	10.0	0.00073	USEPA_MCL_Goal
toxaphene	11105410	1988-08-03	13697.630136986301	10.0	0.00073	USEPA_MCL_Goal
toxaphene	340248118352401	1986-07-24	13697.630136986301	10.0	0.00073	USEPA_MCL_Goal
toxaphene	340248118352401	1987-08-05	13697.630136986301	10.0	0.00073	USEPA_MCL_Goal
toxaphene	340248118352401	1987-09-17	13697.630136986301	10.0	0.00073	USEPA_MCL_Goal
toxaphene	340655118451801	1988-08-02	13697.630136986301	10.0	0.00073	USEPA_MCL_Goal
heptachlor	11105410	1986-07-24	475.1904761904762	0.1	0.00021	USEPA_MCL_Goal
heptachlor	11105410	1988-08-03	475.1904761904762	0.1	0.00021	USEPA_MCL_Goal
heptachlor	11105410	1986-07-24	475.1904761904762	0.1	0.00021	USEPA_MCL_Goal
heptachlor	11105410	1988-08-03	475.1904761904762	0.1	0.00021	USEPA_MCL_Goal
heptachlor	340248118352401	1986-07-24	475.1904761904762	0.1	0.00021	USEPA_MCL_Goal
heptachlor	340248118352401	1987-08-05	475.1904761904762	0.1	0.00021	USEPA_MCL_Goal
heptachlor	340248118352401	1987-09-17	475.1904761904762	0.1	0.00021	USEPA_MCL_Goal
heptachlor	340248118352401	1986-07-24	475.1904761904762	0.1	0.00021	USEPA_MCL_Goal
heptachlor	340248118352401	1987-08-05	475.1904761904762	0.1	0.00021	USEPA_MCL_Goal
heptachlor	340248118352401	1987-09-17	475.1904761904762	0.1	0.00021	USEPA_MCL_Goal
heptachlor	340655118451801	1988-08-02	475.1904761904762	0.1	0.00021	USEPA_MCL_Goal
heptachlor	340655118451801	1988-08-02	475.1904761904762	0.1	0.00021	USEPA_MCL_Goal
heptachlor epoxide	11105410	1986-07-24	999.0	0.1	0.0001	USEPA_MCL_Goal
heptachlor epoxide	11105410	1988-08-03	999.0	0.1	0.0001	USEPA_MCL_Goal
heptachlor epoxide	340248118352401	1986-07-24	999.0	0.1	0.0001	USEPA_MCL_Goal
heptachlor epoxide	340248118352401	1987-08-05	999.0	0.1	0.0001	USEPA_MCL_Goal
heptachlor epoxide	340248118352401	1987-09-17	999.0	0.1	0.0001	USEPA_MCL_Goal
heptachlor epoxide	340655118451801	1988-08-02	999.0	0.1	0.0001	USEPA_MCL_Goal
pcbs	11105410	1986-07-24	5881.35294117647	1.0	0.00017	USEPA_MCL_Goal
pcbs	11105410	1988-08-03	5881.35294117647	1.0	0.00017	USEPA_MCL_Goal
pcbs	340248118352401	1986-07-24	5881.35294117647	1.0	0.00017	USEPA_MCL_Goal
pcbs	340248118352401	1987-08-05	5881.35294117647	1.0	0.00017	USEPA_MCL_Goal
pcbs	340248118352401	1987-09-17	5881.35294117647	1.0	0.00017	USEPA_MCL_Goal
pcbs	340655118451801	1988-08-02	5881.35294117647	1.0	0.00017	USEPA_MCL_Goal
beryllium	344415118130501	1981-06-10	9.0	10.0	1.0	CA_PHG
